Activity

Line index,Date,Time,Song id,Full song name,Song length,Previous Song,Position in the SeekBar,Activity,
0,04/09/2018,06:30:40,0,1 - Pink Floyd - Shine On You Crazy Diamond (Pts. 1-5).mp3,,...,0%,App install,
1,04/09/2018,06:31:30,0,1 - Queen - Bohemian Rhapsody (Remastered 2011).mp3,,...,0%,App start,
2,04/09/2018,06:31:33,0,1 - Queen - Bohemian Rhapsody (Remastered 2011).mp3,,...,0%,Play,
3,04/09/2018,06:31:34,1,1 - Pink Floyd - Shine On You Crazy Diamond (Pts. 1-5).mp3,,1 - Queen - Bohemian Rhapsody (Remastered 2011).mp3,0%,Do nothing,
4,04/09/2018,06:31:37,1,1 - Pink Floyd - Shine On You Crazy Diamond (Pts. 1-5).mp3, 13:31,1 - Queen - Bohemian Rhapsody (Remastered 2011).mp3,0%,Stop,
5,04/09/2018,09:09:42,0,1 - Queen - Bohemian Rhapsody (Remastered 2011).mp3,,...,0%,App start,
6,04/09/2018,09:09:51,0,1 - Queen - Bohemian Rhapsody (Remastered 2011).mp3,,...,0%,Play,
7,04/09/2018,09:09:51,1,1 - Pink Floyd - Shine On You Crazy Diamond (Pts. 1-5).mp3,,1 - Queen - Bohemian Rhapsody (Remastered 2011).mp3,0%,Do nothing,
8,04/09/2018,09:09:53,1,1 - Pink Floyd - Shine On You Crazy Diamond (Pts. 1-5).mp3, 13:31,1 - Queen - Bohemian Rhapsody (Remastered 2011).mp3,0%,Stop,
9,04/09/2018,09:16:5,1,1 - Pink Floyd - Shine On You Crazy Diamond (Pts. 1-5).mp3, 13:31,1 - Queen - Bohemian Rhapsody (Remastered 2011).mp3,0%,Play,
10,04/09/2018,09:16:9,1,1 - Pink Floyd - Shine On You Crazy Diamond (Pts. 1-5).mp3, 13:31,1 - Queen - Bohemian Rhapsody (Remastered 2011).mp3,0%,Stop,
11,04/09/2018,09:16:20,1,1 - Pink Floyd - Shine On You Crazy Diamond (Pts. 1-5).mp3, 13:31,1 - Queen - Bohemian Rhapsody (Remastered 2011).mp3,0%,Play,
12,04/09/2018,09:16:34,1,1 - Pink Floyd - Shine On You Crazy Diamond (Pts. 1-5).mp3, 13:31,1 - Queen - Bohemian Rhapsody (Remastered 2011).mp3,2%,Stop,
13,04/09/2018,09:18:16,1,1 - Pink Floyd - Shine On You Crazy Diamond (Pts. 1-5).mp3, 13:31,1 - Queen - Bohemian Rhapsody (Remastered 2011).mp3,2%,Play,
14,04/09/2018,09:18:25,1,1 - Pink Floyd - Shine On You Crazy Diamond (Pts. 1-5).mp3, 13:31,1 - Queen - Bohemian Rhapsody (Remastered 2011).mp3,3%,Stop,
15,04/09/2018,09:20:20,1,1 - Pink Floyd - Shine On You Crazy Diamond (Pts. 1-5).mp3, 13:31,1 - Queen - Bohemian Rhapsody (Remastered 2011).mp3,3%,Play,
16,04/09/2018,09:22:3,1,1 - Pink Floyd - Shine On You Crazy Diamond (Pts. 1-5).mp3, 13:31,1 - Queen - Bohemian Rhapsody (Remastered 2011).mp3,16%,Stop,
17,04/09/2018,20:07:21,0,1 - Queen - Bohemian Rhapsody (Remastered 2011).mp3,,...,0%,App start,
18,04/09/2018,20:07:37,0,1 - Queen - Bohemian Rhapsody (Remastered 2011).mp3,,...,0%,Play,
19,04/09/2018,20:07:37,1,1 - Pink Floyd - Shine On You Crazy Diamond (Pts. 1-5).mp3,,1 - Queen - Bohemian Rhapsody (Remastered 2011).mp3,0%,Do nothing,
20,04/09/2018,20:07:40,1,1 - Pink Floyd - Shine On You Crazy Diamond (Pts. 1-5).mp3, 13:31,1 - Queen - Bohemian Rhapsody (Remastered 2011).mp3,0% - 60%,Progress bar,
21,04/09/2018,20:07:42,2,1 - Tenacious D - Kickapoo.mp3, 13:31,1 - Pink Floyd - Shine On You Crazy Diamond (Pts. 1-5).mp3,60%,next,
22,04/09/2018,20:07:44,3,1 - The Beatles - Love Me Do (Mono _ Remastered).mp3, 4:14,1 - Tenacious D - Kickapoo.mp3,0%,next,
23,04/09/2018,20:07:45,4,10 - Queen - Somebody To Love (Remastered 2011).mp3, 2:22,1 - The Beatles - Love Me Do (Mono _ Remastered).mp3,0%,next,
24,04/09/2018,20:07:46,4,10 - Queen - Somebody To Love (Remastered 2011).mp3, 4:56,1 - The Beatles - Love Me Do (Mono _ Remastered).mp3,0% - 72%,Progress bar,
25,04/09/2018,20:08:10,4,10 - Queen - Somebody To Love (Remastered 2011).mp3, 4:56,1 - The Beatles - Love Me Do (Mono _ Remastered).mp3,79%,Stop,
26,07/09/2018,19:22:35,0,1 - Queen - Bohemian Rhapsody (Remastered 2011).mp3,,...,0%,App start,
27,07/09/2018,19:22:40,0,1 - Queen - Bohemian Rhapsody (Remastered 2011).mp3,,...,0%,Play,
28,07/09/2018,19:22:40,1,1 - Pink Floyd - Shine On You Crazy Diamond (Pts. 1-5).mp3,,1 - Queen - Bohemian Rhapsody (Remastered 2011).mp3,0%,Do nothing,
29,07/09/2018,19:22:45,2,1 - Tenacious D - Kickapoo.mp3, 13:31,1 - Pink Floyd - Shine On You Crazy Diamond (Pts. 1-5).mp3,0%,next,
30,07/09/2018,19:22:45,3,1 - The Beatles - Love Me Do (Mono _ Remastered).mp3, 4:14,1 - Tenacious D - Kickapoo.mp3,0%,next,
31,07/09/2018,19:23:0,4,10 - Queen - Somebody To Love (Remastered 2011).mp3, 2:22,1 - The Beatles - Love Me Do (Mono _ Remastered).mp3,9%,next,
32,07/09/2018,19:23:1,4,10 - Queen - Somebody To Love (Remastered 2011).mp3, 4:56,1 - The Beatles - Love Me Do (Mono _ Remastered).mp3,0% - 36%,Progress bar,
33,07/09/2018,19:23:2,4,10 - Queen - Somebody To Love (Remastered 2011).mp3, 4:56,1 - The Beatles - Love Me Do (Mono _ Remastered).mp3,35% - 55%,Progress bar,
34,07/09/2018,19:23:3,5,10 - Tenacious D - Dude (I Totally Miss You).mp3, 4:56,10 - Queen - Somebody To Love (Remastered 2011).mp3,54%,next,
35,07/09/2018,19:23:9,5,10 - Tenacious D - Dude (I Totally Miss You).mp3, 2:53,10 - Queen - Somebody To Love (Remastered 2011).mp3,2% - 45%,Progress bar,
36,07/09/2018,19:23:10,5,10 - Tenacious D - Dude (I Totally Miss You).mp3, 2:53,10 - Queen - Somebody To Love (Remastered 2011).mp3,44% - 63%,Progress bar,
37,07/09/2018,19:23:11,6,10 - The Beatles - Eight Days A Week (Remastered).mp3, 2:53,10 - Tenacious D - Dude (I Totally Miss You).mp3,62%,next,
38,07/09/2018,19:23:14,17,14 - Tenacious D - POD.mp3, 2:44,10 - The Beatles - Eight Days A Week (Remastered).mp3,1%,Choose song,
39,10/09/2018,19:17:52,0,1 - Queen - Bohemian Rhapsody (Remastered 2011).mp3,,...,0%,App start,
40,10/09/2018,19:18:4,0,1 - Queen - Bohemian Rhapsody (Remastered 2011).mp3,,...,0%,Play,
41,10/09/2018,19:18:4,1,1 - Pink Floyd - Shine On You Crazy Diamond (Pts. 1-5).mp3,,1 - Queen - Bohemian Rhapsody (Remastered 2011).mp3,0%,Do nothing,
42,10/09/2018,19:18:6,1,1 - Pink Floyd - Shine On You Crazy Diamond (Pts. 1-5).mp3, 13:31,1 - Queen - Bohemian Rhapsody (Remastered 2011).mp3,0% - 46%,Progress bar,
43,10/09/2018,19:18:11,1,1 - Pink Floyd - Shine On You Crazy Diamond (Pts. 1-5).mp3, 13:31,1 - Queen - Bohemian Rhapsody (Remastered 2011).mp3,46%,Stop,
44,10/09/2018,19:20:40,2,1 - Tenacious D - Kickapoo.mp3, 13:31,1 - Pink Floyd - Shine On You Crazy Diamond (Pts. 1-5).mp3,46%,next,
45,10/09/2018,19:20:49,2,1 - Tenacious D - Kickapoo.mp3, 4:14,1 - Pink Floyd - Shine On You Crazy Diamond (Pts. 1-5).mp3,3%,Stop,