
Date: 10/09/2018,
1,63133,1 - Pink Floyd - Shine On You Crazy Diamond (Pts. 1-5).mp3,Pink Floyd, Pink Floyd,Wish You Were Here,13:31,null,/storage/emulated/0/Music/1 - Pink Floyd - Shine On You Crazy Diamond (Pts. 1-5).mp3,
2,63100,1 - Queen - Bohemian Rhapsody (Remastered 2011).mp3,Queen,Greatest Hits (Remastered),5:55,null,/storage/emulated/0/Music/Queen - Greatest Hits (Remastered)/1 - Queen - Bohemian Rhapsody (Remastered 2011).mp3,
3,63118,1 - Tenacious D - Kickapoo.mp3,Tenacious D, Tenacious D,The Pick Of Destiny,4:14,null,/storage/emulated/0/Music/Tenacious D - The Pick Of Destiny/1 - Tenacious D - Kickapoo.mp3,
4,63138,1 - The Beatles - Love Me Do (Mono _ Remastered).mp3,The Beatles,The Beatles 1962 - 1966 (Remastered),2:22,null,/storage/emulated/0/Music/The Beatles - The Beatles 1962 - 1966 (Remastered)/1 - The Beatles - Love Me Do (Mono _ Remastered).mp3,
5,63101,10 - Queen - Somebody To Love (Remastered 2011).mp3,Queen,Greatest Hits (Remastered),4:56,null,/storage/emulated/0/Music/Queen - Greatest Hits (Remastered)/10 - Queen - Somebody To Love (Remastered 2011).mp3,
6,63119,10 - Tenacious D - Dude (I Totally Miss You).mp3,Tenacious D, Tenacious D,The Pick Of Destiny,2:53,null,/storage/emulated/0/Music/Tenacious D - The Pick Of Destiny/10 - Tenacious D - Dude (I Totally Miss You).mp3,
7,63139,10 - The Beatles - Eight Days A Week (Remastered).mp3,The Beatles,The Beatles 1962 - 1966 (Remastered),2:44,null,/storage/emulated/0/Music/The Beatles - The Beatles 1962 - 1966 (Remastered)/10 - The Beatles - Eight Days A Week (Remastered).mp3,
8,63102,11 - Queen - Now I'm Here (Remastered 2011).mp3,Queen,Greatest Hits (Remastered),4:13,null,/storage/emulated/0/Music/Queen - Greatest Hits (Remastered)/11 - Queen - Now I'm Here (Remastered 2011).mp3,
9,63120,11 - Tenacious D - Break In-City (Storm the Gate!).mp3,Tenacious D, Tenacious D,The Pick Of Destiny,1:22,null,/storage/emulated/0/Music/Tenacious D - The Pick Of Destiny/11 - Tenacious D - Break In-City (Storm the Gate!).mp3,
10,63140,11 - The Beatles - I Feel Fine (Remastered).mp3,The Beatles,The Beatles 1962 - 1966 (Remastered),2:20,null,/storage/emulated/0/Music/The Beatles - The Beatles 1962 - 1966 (Remastered)/11 - The Beatles - I Feel Fine (Remastered).mp3,
11,63103,12 - Queen - Good Old-Fashioned Lover Boy (Remastered 2011).mp3,Queen,Greatest Hits (Remastered),2:53,null,/storage/emulated/0/Music/Queen - Greatest Hits (Remastered)/12 - Queen - Good Old-Fashioned Lover Boy (Remastered 2011).mp3,
12,63121,12 - Tenacious D - Car Chase City.mp3,Tenacious D, Tenacious D,The Pick Of Destiny,2:42,null,/storage/emulated/0/Music/Tenacious D - The Pick Of Destiny/12 - Tenacious D - Car Chase City.mp3,
13,63141,12 - The Beatles - Ticket To Ride (Remastered).mp3,The Beatles,The Beatles 1962 - 1966 (Remastered),3:11,null,/storage/emulated/0/Music/The Beatles - The Beatles 1962 - 1966 (Remastered)/12 - The Beatles - Ticket To Ride (Remastered).mp3,
14,63104,13 - Queen - Play The Game (Remastered 2011).mp3,Queen,Greatest Hits (Remastered),3:31,null,/storage/emulated/0/Music/Queen - Greatest Hits (Remastered)/13 - Queen - Play The Game (Remastered 2011).mp3,
15,63122,13 - Tenacious D - Beelzeboss (The Final Showdown).mp3,Tenacious D, Tenacious D,The Pick Of Destiny,5:35,null,/storage/emulated/0/Music/Tenacious D - The Pick Of Destiny/13 - Tenacious D - Beelzeboss (The Final Showdown).mp3,
16,63142,13 - The Beatles - Yesterday (Remastered).mp3,The Beatles,The Beatles 1962 - 1966 (Remastered),2:05,null,/storage/emulated/0/Music/The Beatles - The Beatles 1962 - 1966 (Remastered)/13 - The Beatles - Yesterday (Remastered).mp3,
17,63105,14 - Queen - Flash (Remastered 2011).mp3,Queen,Greatest Hits (Remastered),2:47,null,/storage/emulated/0/Music/Queen - Greatest Hits (Remastered)/14 - Queen - Flash (Remastered 2011).mp3,
18,63123,14 - Tenacious D - POD.mp3,Tenacious D, Tenacious D,The Pick Of Destiny,2:32,null,/storage/emulated/0/Music/Tenacious D - The Pick Of Destiny/14 - Tenacious D - POD.mp3,
19,63143,14 - The Beatles - Help! (Remastered).mp3,The Beatles,The Beatles 1962 - 1966 (Remastered),2:20,null,/storage/emulated/0/Music/The Beatles - The Beatles 1962 - 1966 (Remastered)/14 - The Beatles - Help! (Remastered).mp3,
20,63135,15 - Pink Floyd - Is There Anybody Out There_.mp3,Pink Floyd, Pink Floyd,The Wall,2:41,null,/storage/emulated/0/Music/15 - Pink Floyd - Is There Anybody Out There_.mp3,
21,63106,15 - Queen - Seven Seas Of Rhye (Remastered 2011).mp3,Queen,Greatest Hits (Remastered),2:47,null,/storage/emulated/0/Music/Queen - Greatest Hits (Remastered)/15 - Queen - Seven Seas Of Rhye (Remastered 2011).mp3,
22,63124,15 - Tenacious D - The Metal.mp3,Tenacious D, Tenacious D,The Pick Of Destiny,2:46,null,/storage/emulated/0/Music/Tenacious D - The Pick Of Destiny/15 - Tenacious D - The Metal.mp3,
23,63144,15 - The Beatles - You've Got To Hide Your Love Away (Remastered).mp3,The Beatles,The Beatles 1962 - 1966 (Remastered),2:11,null,/storage/emulated/0/Music/The Beatles - The Beatles 1962 - 1966 (Remastered)/15 - The Beatles - You've Got To Hide Your Love Away (Remastered).mp3,
24,63107,16 - Queen - We Will Rock You (Remastered 2011).mp3,Queen,Greatest Hits (Remastered),2:01,null,/storage/emulated/0/Music/Queen - Greatest Hits (Remastered)/16 - Queen - We Will Rock You (Remastered 2011).mp3,
25,63145,16 - The Beatles - We Can Work It Out (Remastered).mp3,The Beatles,The Beatles 1962 - 1966 (Remastered),2:16,null,/storage/emulated/0/Music/The Beatles - The Beatles 1962 - 1966 (Remastered)/16 - The Beatles - We Can Work It Out (Remastered).mp3,
26,63108,17 - Queen - We Are The Champions (Remastered 2011).mp3,Queen,Greatest Hits (Remastered),3:06,null,/storage/emulated/0/Music/Queen - Greatest Hits (Remastered)/17 - Queen - We Are The Champions (Remastered 2011).mp3,
27,63146,17 - The Beatles - Day Tripper (Remastered).mp3,The Beatles,The Beatles 1962 - 1966 (Remastered),2:49,null,/storage/emulated/0/Music/The Beatles - The Beatles 1962 - 1966 (Remastered)/17 - The Beatles - Day Tripper (Remastered).mp3,
28,63147,18 - The Beatles - Drive My Car (Remastered).mp3,The Beatles,The Beatles 1962 - 1966 (Remastered),2:28,null,/storage/emulated/0/Music/The Beatles - The Beatles 1962 - 1966 (Remastered)/18 - The Beatles - Drive My Car (Remastered).mp3,
29,63136,19 - Pink Floyd - Comfortably Numb.mp3,Pink Floyd, Pink Floyd, The New York Philharmonic,The Wall,6:22,null,/storage/emulated/0/Music/19 - Pink Floyd - Comfortably Numb.mp3,
30,63148,19 - The Beatles - Norwegian Wood (This Bird Has Flown) (Remastered).mp3,The Beatles,The Beatles 1962 - 1966 (Remastered),2:05,null,/storage/emulated/0/Music/The Beatles - The Beatles 1962 - 1966 (Remastered)/19 - The Beatles - Norwegian Wood (This Bird Has Flown) (Remastered).mp3,
31,63109,2 - Queen - Another One Bites The Dust (Remastered 2011).mp3,Queen,Greatest Hits (Remastered),3:35,null,/storage/emulated/0/Music/Queen - Greatest Hits (Remastered)/2 - Queen - Another One Bites The Dust (Remastered 2011).mp3,
32,63125,2 - Tenacious D - Classico.mp3,Tenacious D, Tenacious D,The Pick Of Destiny,0:58,null,/storage/emulated/0/Music/Tenacious D - The Pick Of Destiny/2 - Tenacious D - Classico.mp3,
33,63149,2 - The Beatles - Please Please Me (Mono _ Remastered).mp3,The Beatles,The Beatles 1962 - 1966 (Remastered),2:01,null,/storage/emulated/0/Music/The Beatles - The Beatles 1962 - 1966 (Remastered)/2 - The Beatles - Please Please Me (Mono _ Remastered).mp3,
34,63150,20 - The Beatles - Nowhere Man (Remastered).mp3,The Beatles,The Beatles 1962 - 1966 (Remastered),2:44,null,/storage/emulated/0/Music/The Beatles - The Beatles 1962 - 1966 (Remastered)/20 - The Beatles - Nowhere Man (Remastered).mp3,
35,63151,21 - The Beatles - Michelle (Remastered).mp3,The Beatles,The Beatles 1962 - 1966 (Remastered),2:42,null,/storage/emulated/0/Music/The Beatles - The Beatles 1962 - 1966 (Remastered)/21 - The Beatles - Michelle (Remastered).mp3,
36,63152,22 - The Beatles - In My Life (Remastered).mp3,The Beatles,The Beatles 1962 - 1966 (Remastered),2:27,null,/storage/emulated/0/Music/The Beatles - The Beatles 1962 - 1966 (Remastered)/22 - The Beatles - In My Life (Remastered).mp3,
37,63153,23 - The Beatles - Girl (Remastered).mp3,The Beatles,The Beatles 1962 - 1966 (Remastered),2:31,null,/storage/emulated/0/Music/The Beatles - The Beatles 1962 - 1966 (Remastered)/23 - The Beatles - Girl (Remastered).mp3,
38,63154,24 - The Beatles - Paperback Writer (Remastered).mp3,The Beatles,The Beatles 1962 - 1966 (Remastered),2:19,null,/storage/emulated/0/Music/The Beatles - The Beatles 1962 - 1966 (Remastered)/24 - The Beatles - Paperback Writer (Remastered).mp3,
39,63155,25 - The Beatles - Eleanor Rigby (Remastered).mp3,The Beatles,The Beatles 1962 - 1966 (Remastered),2:08,null,/storage/emulated/0/Music/The Beatles - The Beatles 1962 - 1966 (Remastered)/25 - The Beatles - Eleanor Rigby (Remastered).mp3,
40,63156,26 - The Beatles - Yellow Submarine (Remastered).mp3,The Beatles,The Beatles 1962 - 1966 (Remastered),2:39,null,/storage/emulated/0/Music/The Beatles - The Beatles 1962 - 1966 (Remastered)/26 - The Beatles - Yellow Submarine (Remastered).mp3,
41,63110,3 - Queen - Killer Queen (Remastered 2011).mp3,Queen,Greatest Hits (Remastered),2:59,null,/storage/emulated/0/Music/Queen - Greatest Hits (Remastered)/3 - Queen - Killer Queen (Remastered 2011).mp3,
42,63126,3 - Tenacious D - Baby.mp3,Tenacious D, Tenacious D,The Pick Of Destiny,1:36,null,/storage/emulated/0/Music/Tenacious D - The Pick Of Destiny/3 - Tenacious D - Baby.mp3,
43,63157,3 - The Beatles - From Me To You (Mono _ Remastered).mp3,The Beatles,The Beatles 1962 - 1966 (Remastered),1:57,null,/storage/emulated/0/Music/The Beatles - The Beatles 1962 - 1966 (Remastered)/3 - The Beatles - From Me To You (Mono _ Remastered).mp3,
44,63134,4 - Pink Floyd - Wish You Were Here.mp3,Pink Floyd, Pink Floyd,Wish You Were Here,5:34,null,/storage/emulated/0/Music/4 - Pink Floyd - Wish You Were Here.mp3,
45,63111,4 - Queen - Fat Bottomed Girls (Remastered 2011).mp3,Queen,Greatest Hits (Remastered),3:22,null,/storage/emulated/0/Music/Queen - Greatest Hits (Remastered)/4 - Queen - Fat Bottomed Girls (Remastered 2011).mp3,
46,63127,4 - Tenacious D - Destiny.mp3,Tenacious D, Tenacious D,The Pick Of Destiny,0:37,null,/storage/emulated/0/Music/Tenacious D - The Pick Of Destiny/4 - Tenacious D - Destiny.mp3,
47,63158,4 - The Beatles - She Loves You (Mono _ Remastered).mp3,The Beatles,The Beatles 1962 - 1966 (Remastered),2:22,null,/storage/emulated/0/Music/The Beatles - The Beatles 1962 - 1966 (Remastered)/4 - The Beatles - She Loves You (Mono _ Remastered).mp3,
48,63112,5 - Queen - Bicycle Race (Remastered 2011).mp3,Queen,Greatest Hits (Remastered),3:00,null,/storage/emulated/0/Music/Queen - Greatest Hits (Remastered)/5 - Queen - Bicycle Race (Remastered 2011).mp3,
49,63128,5 - Tenacious D - History.mp3,Tenacious D, Tenacious D,The Pick Of Destiny,1:42,null,/storage/emulated/0/Music/Tenacious D - The Pick Of Destiny/5 - Tenacious D - History.mp3,
50,63159,5 - The Beatles - I Want To Hold Your Hand (Remastered).mp3,The Beatles,The Beatles 1962 - 1966 (Remastered),2:26,null,/storage/emulated/0/Music/The Beatles - The Beatles 1962 - 1966 (Remastered)/5 - The Beatles - I Want To Hold Your Hand (Remastered).mp3,
51,63113,6 - Queen - You're My Best Friend (Remastered 2011).mp3,Queen,Greatest Hits (Remastered),2:50,null,/storage/emulated/0/Music/Queen - Greatest Hits (Remastered)/6 - Queen - You're My Best Friend (Remastered 2011).mp3,
52,63129,6 - Tenacious D - The Government Totally Sucks.mp3,Tenacious D, Tenacious D,The Pick Of Destiny,1:34,null,/storage/emulated/0/Music/Tenacious D - The Pick Of Destiny/6 - Tenacious D - The Government Totally Sucks.mp3,
53,63160,6 - The Beatles - All My Loving (Remastered).mp3,The Beatles,The Beatles 1962 - 1966 (Remastered),2:09,null,/storage/emulated/0/Music/The Beatles - The Beatles 1962 - 1966 (Remastered)/6 - The Beatles - All My Loving (Remastered).mp3,
54,63114,7 - Queen - Don't Stop Me Now (Remastered 2011).mp3,Queen,Greatest Hits (Remastered),3:29,null,/storage/emulated/0/Music/Queen - Greatest Hits (Remastered)/7 - Queen - Don't Stop Me Now (Remastered 2011).mp3,
55,63130,7 - Tenacious D - Master Exploder.mp3,Tenacious D, Tenacious D,The Pick Of Destiny,2:24,null,/storage/emulated/0/Music/Tenacious D - The Pick Of Destiny/7 - Tenacious D - Master Exploder.mp3,
56,63161,7 - The Beatles - Can't Buy Me Love (Remastered).mp3,The Beatles,The Beatles 1962 - 1966 (Remastered),2:13,null,/storage/emulated/0/Music/The Beatles - The Beatles 1962 - 1966 (Remastered)/7 - The Beatles - Can't Buy Me Love (Remastered).mp3,
57,63115,8 - Queen - Save Me (Remastered 2011).mp3,Queen,Greatest Hits (Remastered),3:48,null,/storage/emulated/0/Music/Queen - Greatest Hits (Remastered)/8 - Queen - Save Me (Remastered 2011).mp3,
58,63131,8 - Tenacious D - The Divide.mp3,Tenacious D, Tenacious D,The Pick Of Destiny,0:22,null,/storage/emulated/0/Music/Tenacious D - The Pick Of Destiny/8 - Tenacious D - The Divide.mp3,
59,63162,8 - The Beatles - A Hard Day's Night (Remastered).mp3,The Beatles,The Beatles 1962 - 1966 (Remastered),2:34,null,/storage/emulated/0/Music/The Beatles - The Beatles 1962 - 1966 (Remastered)/8 - The Beatles - A Hard Day's Night (Remastered).mp3,
60,63116,9 - Queen - Crazy Little Thing Called Love (Remastered 2011).mp3,Queen,Greatest Hits (Remastered),2:43,null,/storage/emulated/0/Music/Queen - Greatest Hits (Remastered)/9 - Queen - Crazy Little Thing Called Love (Remastered 2011).mp3,
61,63132,9 - Tenacious D - Papagenu (He's My Sassafrass).mp3,Tenacious D, Tenacious D,The Pick Of Destiny,2:24,null,/storage/emulated/0/Music/Tenacious D - The Pick Of Destiny/9 - Tenacious D - Papagenu (He's My Sassafrass).mp3,
62,63163,9 - The Beatles - And I Love Her (Remastered).mp3,The Beatles,The Beatles 1962 - 1966 (Remastered),2:31,null,/storage/emulated/0/Music/The Beatles - The Beatles 1962 - 1966 (Remastered)/9 - The Beatles - And I Love Her (Remastered).mp3,
63,8297,Overwatch is fun. (Outro Song) AETrim1486226760450.mp3,AudioTrim,Trimmed,0:40,null,/storage/emulated/0/AudioEditorCutter/Trimmed/Overwatch is fun. (Outro Song) AETrim1486226760450.mp3,
64,8294,Overwatch is fun. (Outro Song).mp3,<unknown>,Music,0:57,null,/storage/emulated/0/Music/Overwatch is fun. (Outro Song).mp3,
65,23445,facebook_ringtone_pop.m4a,<unknown>,Notifications,0:00,null,/storage/emulated/0/Notifications/facebook_ringtone_pop.m4a,
66,76,hangouts_incoming_call.ogg,<unknown>,Ringtones,0:05,null,/storage/emulated/0/Android/media/com.google.android.talk/Ringtones/hangouts_incoming_call.ogg,
67,74,hangouts_message.ogg,<unknown>,Notifications,0:01,null,/storage/emulated/0/Android/media/com.google.android.talk/Notifications/hangouts_message.ogg,